id,code,name,category,severity,description,trigger_signals,rationale_template,applicable_ward_types,simulation_only
flag-surgical-documentation,SURG_DOCUMENTATION_01,Surgical documentation gap cue,documentation,moderate,Simulation-only documentation gap cue for surgical workflows. The cue highlights visible evidence and documentation context for structured review support.,"[""electrolyte_plan_gap"",""documentation_note_open""]","Human review required: check visible documentation gap evidence, missing information and ownership before documenting the current simulation status.","[""surgical""]",true
flag-surgical-electrolyte-review,SURG_ELECTROLYTE_REVIEW_02,Surgical electrolyte review cue,electrolyte-review,moderate,Simulation-only electrolyte review cue for surgical workflows. The cue highlights visible evidence and documentation context for structured review support.,"[""potassium"",""magnesium"",""creatinine_trend"",""electrolyte_plan_gap""]","Human review required: check visible electrolyte review evidence, missing information and ownership before documenting the current simulation status.","[""surgical""]",true
flag-surgical-infection-review,SURG_INFECTION_REVIEW_03,Surgical infection review cue,infection-review,moderate,Simulation-only infection review cue for surgical workflows. The cue highlights visible evidence and documentation context for structured review support.,"[""urine_culture"",""NEWS2"",""infection_review_note""]","Human review required: check visible infection review evidence, missing information and ownership before documenting the current simulation status.","[""surgical""]",true
flag-surgical-sepsis-screen,SURG_SEPSIS_SCREEN_04,Surgical sepsis-screen cue,sepsis-screen,high,Simulation-only sepsis-screen cue for surgical workflows. The cue highlights visible evidence and documentation context for structured review support.,"[""sepsis_screen"",""NEWS2""]","Human review required: check visible sepsis-screen evidence, missing information and ownership before documenting the current simulation status.","[""surgical""]",true
flag-surgical-falls-risk,SURG_FALLS_RISK_05,Surgical falls-risk cue,falls-risk,low,Simulation-only falls-risk cue for surgical workflows. The cue highlights visible evidence and documentation context for structured review support.,"[""falls_risk"",""mobility_note""]","Human review required: check visible falls-risk evidence, missing information and ownership before documenting the current simulation status.","[""surgical""]",true
flag-surgical-medication-timing,SURG_MEDICATION_TIMING_06,Surgical medication-timing cue,medication-timing,moderate,Simulation-only medication-timing cue for surgical workflows. The cue highlights visible evidence and documentation context for structured review support.,"[""medication_timing"",""medicine_chart_time""]","Human review required: check visible medication-timing evidence, missing information and ownership before documenting the current simulation status.","[""surgical""]",true
flag-surgical-deteriorating-obs,SURG_DETERIORATING_OBS_07,Surgical deteriorating observations cue,deteriorating-obs,high,Simulation-only deteriorating observations cue for surgical workflows. The cue highlights visible evidence and documentation context for structured review support.,"[""deteriorating_obs"",""NEWS2""]","Human review required: check visible deteriorating observations evidence, missing information and ownership before documenting the current simulation status.","[""surgical""]",true
flag-surgical-escalation,SURG_ESCALATION_08,Surgical escalation readiness cue,escalation,high,Simulation-only escalation readiness cue for surgical workflows. The cue highlights visible evidence and documentation context for structured review support.,"[""NEWS2"",""active_escalation""]","Human review required: check visible escalation readiness evidence, missing information and ownership before documenting the current simulation status.","[""surgical""]",true
flag-surgical-handover,SURG_HANDOVER_09,Surgical handover completeness cue,handover,moderate,Simulation-only handover completeness cue for surgical workflows. The cue highlights visible evidence and documentation context for structured review support.,"[""handover_completion"",""open_task""]","Human review required: check visible handover completeness evidence, missing information and ownership before documenting the current simulation status.","[""surgical""]",true
flag-surgical-discharge,SURG_DISCHARGE_10,Surgical discharge-readiness blocker cue,discharge,high,Simulation-only discharge-readiness blocker cue for surgical workflows. The cue highlights visible evidence and documentation context for structured review support.,"[""discharge_blocker"",""discharge_checklist""]","Human review required: check visible discharge-readiness blocker evidence, missing information and ownership before documenting the current simulation status.","[""surgical""]",true
flag-surgical-learning,SURG_LEARNING_11,Surgical learning prompt cue,learning,low,Simulation-only learning prompt cue for surgical workflows. The cue highlights visible evidence and documentation context for structured review support.,"[""learning_prompt"",""simulation_scenario""]","Human review required: check visible learning prompt evidence, missing information and ownership before documenting the current simulation status.","[""surgical""]",true
flag-general-medical-documentation,GMED_DOCUMENTATION_01,General Medical documentation gap cue,documentation,moderate,Simulation-only documentation gap cue for general medical workflows. The cue highlights visible evidence and documentation context for structured review support.,"[""electrolyte_plan_gap"",""documentation_note_open""]","Human review required: check visible documentation gap evidence, missing information and ownership before documenting the current simulation status.","[""general medical""]",true
flag-general-medical-electrolyte-review,GMED_ELECTROLYTE_REVIEW_02,General Medical electrolyte review cue,electrolyte-review,moderate,Simulation-only electrolyte review cue for general medical workflows. The cue highlights visible evidence and documentation context for structured review support.,"[""potassium"",""magnesium"",""creatinine_trend"",""electrolyte_plan_gap""]","Human review required: check visible electrolyte review evidence, missing information and ownership before documenting the current simulation status.","[""general medical""]",true
flag-general-medical-infection-review,GMED_INFECTION_REVIEW_03,General Medical infection review cue,infection-review,moderate,Simulation-only infection review cue for general medical workflows. The cue highlights visible evidence and documentation context for structured review support.,"[""urine_culture"",""NEWS2"",""infection_review_note""]","Human review required: check visible infection review evidence, missing information and ownership before documenting the current simulation status.","[""general medical""]",true
flag-general-medical-sepsis-screen,GMED_SEPSIS_SCREEN_04,General Medical sepsis-screen cue,sepsis-screen,high,Simulation-only sepsis-screen cue for general medical workflows. The cue highlights visible evidence and documentation context for structured review support.,"[""sepsis_screen"",""NEWS2""]","Human review required: check visible sepsis-screen evidence, missing information and ownership before documenting the current simulation status.","[""general medical""]",true
flag-general-medical-falls-risk,GMED_FALLS_RISK_05,General Medical falls-risk cue,falls-risk,low,Simulation-only falls-risk cue for general medical workflows. The cue highlights visible evidence and documentation context for structured review support.,"[""falls_risk"",""mobility_note""]","Human review required: check visible falls-risk evidence, missing information and ownership before documenting the current simulation status.","[""general medical""]",true
flag-general-medical-medication-timing,GMED_MEDICATION_TIMING_06,General Medical medication-timing cue,medication-timing,moderate,Simulation-only medication-timing cue for general medical workflows. The cue highlights visible evidence and documentation context for structured review support.,"[""medication_timing"",""medicine_chart_time""]","Human review required: check visible medication-timing evidence, missing information and ownership before documenting the current simulation status.","[""general medical""]",true
flag-general-medical-deteriorating-obs,GMED_DETERIORATING_OBS_07,General Medical deteriorating observations cue,deteriorating-obs,high,Simulation-only deteriorating observations cue for general medical workflows. The cue highlights visible evidence and documentation context for structured review support.,"[""deteriorating_obs"",""NEWS2""]","Human review required: check visible deteriorating observations evidence, missing information and ownership before documenting the current simulation status.","[""general medical""]",true
flag-general-medical-escalation,GMED_ESCALATION_08,General Medical escalation readiness cue,escalation,high,Simulation-only escalation readiness cue for general medical workflows. The cue highlights visible evidence and documentation context for structured review support.,"[""NEWS2"",""active_escalation""]","Human review required: check visible escalation readiness evidence, missing information and ownership before documenting the current simulation status.","[""general medical""]",true
flag-general-medical-handover,GMED_HANDOVER_09,General Medical handover completeness cue,handover,moderate,Simulation-only handover completeness cue for general medical workflows. The cue highlights visible evidence and documentation context for structured review support.,"[""handover_completion"",""open_task""]","Human review required: check visible handover completeness evidence, missing information and ownership before documenting the current simulation status.","[""general medical""]",true
flag-general-medical-discharge,GMED_DISCHARGE_10,General Medical discharge-readiness blocker cue,discharge,high,Simulation-only discharge-readiness blocker cue for general medical workflows. The cue highlights visible evidence and documentation context for structured review support.,"[""discharge_blocker"",""discharge_checklist""]","Human review required: check visible discharge-readiness blocker evidence, missing information and ownership before documenting the current simulation status.","[""general medical""]",true
flag-general-medical-learning,GMED_LEARNING_11,General Medical learning prompt cue,learning,low,Simulation-only learning prompt cue for general medical workflows. The cue highlights visible evidence and documentation context for structured review support.,"[""learning_prompt"",""simulation_scenario""]","Human review required: check visible learning prompt evidence, missing information and ownership before documenting the current simulation status.","[""general medical""]",true
flag-acute-medical-documentation,AMU_DOCUMENTATION_01,Acute Medical documentation gap cue,documentation,moderate,Simulation-only documentation gap cue for acute medical workflows. The cue highlights visible evidence and documentation context for structured review support.,"[""electrolyte_plan_gap"",""documentation_note_open""]","Human review required: check visible documentation gap evidence, missing information and ownership before documenting the current simulation status.","[""acute medical""]",true
flag-acute-medical-electrolyte-review,AMU_ELECTROLYTE_REVIEW_02,Acute Medical electrolyte review cue,electrolyte-review,moderate,Simulation-only electrolyte review cue for acute medical workflows. The cue highlights visible evidence and documentation context for structured review support.,"[""potassium"",""magnesium"",""creatinine_trend"",""electrolyte_plan_gap""]","Human review required: check visible electrolyte review evidence, missing information and ownership before documenting the current simulation status.","[""acute medical""]",true
flag-acute-medical-infection-review,AMU_INFECTION_REVIEW_03,Acute Medical infection review cue,infection-review,moderate,Simulation-only infection review cue for acute medical workflows. The cue highlights visible evidence and documentation context for structured review support.,"[""urine_culture"",""NEWS2"",""infection_review_note""]","Human review required: check visible infection review evidence, missing information and ownership before documenting the current simulation status.","[""acute medical""]",true
flag-acute-medical-sepsis-screen,AMU_SEPSIS_SCREEN_04,Acute Medical sepsis-screen cue,sepsis-screen,high,Simulation-only sepsis-screen cue for acute medical workflows. The cue highlights visible evidence and documentation context for structured review support.,"[""sepsis_screen"",""NEWS2""]","Human review required: check visible sepsis-screen evidence, missing information and ownership before documenting the current simulation status.","[""acute medical""]",true
flag-acute-medical-falls-risk,AMU_FALLS_RISK_05,Acute Medical falls-risk cue,falls-risk,low,Simulation-only falls-risk cue for acute medical workflows. The cue highlights visible evidence and documentation context for structured review support.,"[""falls_risk"",""mobility_note""]","Human review required: check visible falls-risk evidence, missing information and ownership before documenting the current simulation status.","[""acute medical""]",true
flag-acute-medical-medication-timing,AMU_MEDICATION_TIMING_06,Acute Medical medication-timing cue,medication-timing,moderate,Simulation-only medication-timing cue for acute medical workflows. The cue highlights visible evidence and documentation context for structured review support.,"[""medication_timing"",""medicine_chart_time""]","Human review required: check visible medication-timing evidence, missing information and ownership before documenting the current simulation status.","[""acute medical""]",true
flag-acute-medical-deteriorating-obs,AMU_DETERIORATING_OBS_07,Acute Medical deteriorating observations cue,deteriorating-obs,high,Simulation-only deteriorating observations cue for acute medical workflows. The cue highlights visible evidence and documentation context for structured review support.,"[""deteriorating_obs"",""NEWS2""]","Human review required: check visible deteriorating observations evidence, missing information and ownership before documenting the current simulation status.","[""acute medical""]",true
flag-acute-medical-escalation,AMU_ESCALATION_08,Acute Medical escalation readiness cue,escalation,high,Simulation-only escalation readiness cue for acute medical workflows. The cue highlights visible evidence and documentation context for structured review support.,"[""NEWS2"",""active_escalation""]","Human review required: check visible escalation readiness evidence, missing information and ownership before documenting the current simulation status.","[""acute medical""]",true
flag-acute-medical-handover,AMU_HANDOVER_09,Acute Medical handover completeness cue,handover,moderate,Simulation-only handover completeness cue for acute medical workflows. The cue highlights visible evidence and documentation context for structured review support.,"[""handover_completion"",""open_task""]","Human review required: check visible handover completeness evidence, missing information and ownership before documenting the current simulation status.","[""acute medical""]",true
flag-acute-medical-discharge,AMU_DISCHARGE_10,Acute Medical discharge-readiness blocker cue,discharge,high,Simulation-only discharge-readiness blocker cue for acute medical workflows. The cue highlights visible evidence and documentation context for structured review support.,"[""discharge_blocker"",""discharge_checklist""]","Human review required: check visible discharge-readiness blocker evidence, missing information and ownership before documenting the current simulation status.","[""acute medical""]",true
flag-acute-medical-learning,AMU_LEARNING_11,Acute Medical learning prompt cue,learning,low,Simulation-only learning prompt cue for acute medical workflows. The cue highlights visible evidence and documentation context for structured review support.,"[""learning_prompt"",""simulation_scenario""]","Human review required: check visible learning prompt evidence, missing information and ownership before documenting the current simulation status.","[""acute medical""]",true
flag-day-care-documentation,DCU_DOCUMENTATION_01,Day Care documentation gap cue,documentation,moderate,Simulation-only documentation gap cue for day care workflows. The cue highlights visible evidence and documentation context for structured review support.,"[""electrolyte_plan_gap"",""documentation_note_open""]","Human review required: check visible documentation gap evidence, missing information and ownership before documenting the current simulation status.","[""day care""]",true
flag-day-care-electrolyte-review,DCU_ELECTROLYTE_REVIEW_02,Day Care electrolyte review cue,electrolyte-review,moderate,Simulation-only electrolyte review cue for day care workflows. The cue highlights visible evidence and documentation context for structured review support.,"[""potassium"",""magnesium"",""creatinine_trend"",""electrolyte_plan_gap""]","Human review required: check visible electrolyte review evidence, missing information and ownership before documenting the current simulation status.","[""day care""]",true
flag-day-care-infection-review,DCU_INFECTION_REVIEW_03,Day Care infection review cue,infection-review,moderate,Simulation-only infection review cue for day care workflows. The cue highlights visible evidence and documentation context for structured review support.,"[""urine_culture"",""NEWS2"",""infection_review_note""]","Human review required: check visible infection review evidence, missing information and ownership before documenting the current simulation status.","[""day care""]",true
flag-day-care-sepsis-screen,DCU_SEPSIS_SCREEN_04,Day Care sepsis-screen cue,sepsis-screen,moderate,Simulation-only sepsis-screen cue for day care workflows. The cue highlights visible evidence and documentation context for structured review support.,"[""sepsis_screen"",""NEWS2""]","Human review required: check visible sepsis-screen evidence, missing information and ownership before documenting the current simulation status.","[""day care""]",true
flag-day-care-falls-risk,DCU_FALLS_RISK_05,Day Care falls-risk cue,falls-risk,low,Simulation-only falls-risk cue for day care workflows. The cue highlights visible evidence and documentation context for structured review support.,"[""falls_risk"",""mobility_note""]","Human review required: check visible falls-risk evidence, missing information and ownership before documenting the current simulation status.","[""day care""]",true
flag-day-care-medication-timing,DCU_MEDICATION_TIMING_06,Day Care medication-timing cue,medication-timing,moderate,Simulation-only medication-timing cue for day care workflows. The cue highlights visible evidence and documentation context for structured review support.,"[""medication_timing"",""medicine_chart_time""]","Human review required: check visible medication-timing evidence, missing information and ownership before documenting the current simulation status.","[""day care""]",true
flag-day-care-deteriorating-obs,DCU_DETERIORATING_OBS_07,Day Care deteriorating observations cue,deteriorating-obs,high,Simulation-only deteriorating observations cue for day care workflows. The cue highlights visible evidence and documentation context for structured review support.,"[""deteriorating_obs"",""NEWS2""]","Human review required: check visible deteriorating observations evidence, missing information and ownership before documenting the current simulation status.","[""day care""]",true
flag-day-care-escalation,DCU_ESCALATION_08,Day Care escalation readiness cue,escalation,high,Simulation-only escalation readiness cue for day care workflows. The cue highlights visible evidence and documentation context for structured review support.,"[""NEWS2"",""active_escalation""]","Human review required: check visible escalation readiness evidence, missing information and ownership before documenting the current simulation status.","[""day care""]",true
flag-day-care-handover,DCU_HANDOVER_09,Day Care handover completeness cue,handover,moderate,Simulation-only handover completeness cue for day care workflows. The cue highlights visible evidence and documentation context for structured review support.,"[""handover_completion"",""open_task""]","Human review required: check visible handover completeness evidence, missing information and ownership before documenting the current simulation status.","[""day care""]",true
flag-day-care-discharge,DCU_DISCHARGE_10,Day Care discharge-readiness blocker cue,discharge,high,Simulation-only discharge-readiness blocker cue for day care workflows. The cue highlights visible evidence and documentation context for structured review support.,"[""discharge_blocker"",""discharge_checklist""]","Human review required: check visible discharge-readiness blocker evidence, missing information and ownership before documenting the current simulation status.","[""day care""]",true
flag-day-care-learning,DCU_LEARNING_11,Day Care learning prompt cue,learning,low,Simulation-only learning prompt cue for day care workflows. The cue highlights visible evidence and documentation context for structured review support.,"[""learning_prompt"",""simulation_scenario""]","Human review required: check visible learning prompt evidence, missing information and ownership before documenting the current simulation status.","[""day care""]",true
flag-community-frailty-team-documentation,CFT_DOCUMENTATION_01,Community Frailty Team documentation gap cue,documentation,moderate,Simulation-only documentation gap cue for community frailty team workflows. The cue highlights visible evidence and documentation context for structured review support.,"[""electrolyte_plan_gap"",""documentation_note_open""]","Human review required: check visible documentation gap evidence, missing information and ownership before documenting the current simulation status.","[""community frailty team""]",true
flag-community-frailty-team-electrolyte-review,CFT_ELECTROLYTE_REVIEW_02,Community Frailty Team electrolyte review cue,electrolyte-review,moderate,Simulation-only electrolyte review cue for community frailty team workflows. The cue highlights visible evidence and documentation context for structured review support.,"[""potassium"",""magnesium"",""creatinine_trend"",""electrolyte_plan_gap""]","Human review required: check visible electrolyte review evidence, missing information and ownership before documenting the current simulation status.","[""community frailty team""]",true
flag-community-frailty-team-infection-review,CFT_INFECTION_REVIEW_03,Community Frailty Team infection review cue,infection-review,moderate,Simulation-only infection review cue for community frailty team workflows. The cue highlights visible evidence and documentation context for structured review support.,"[""urine_culture"",""NEWS2"",""infection_review_note""]","Human review required: check visible infection review evidence, missing information and ownership before documenting the current simulation status.","[""community frailty team""]",true
flag-community-frailty-team-sepsis-screen,CFT_SEPSIS_SCREEN_04,Community Frailty Team sepsis-screen cue,sepsis-screen,high,Simulation-only sepsis-screen cue for community frailty team workflows. The cue highlights visible evidence and documentation context for structured review support.,"[""sepsis_screen"",""NEWS2""]","Human review required: check visible sepsis-screen evidence, missing information and ownership before documenting the current simulation status.","[""community frailty team""]",true
flag-community-frailty-team-falls-risk,CFT_FALLS_RISK_05,Community Frailty Team falls-risk cue,falls-risk,moderate,Simulation-only falls-risk cue for community frailty team workflows. The cue highlights visible evidence and documentation context for structured review support.,"[""falls_risk"",""mobility_note""]","Human review required: check visible falls-risk evidence, missing information and ownership before documenting the current simulation status.","[""community frailty team""]",true
flag-community-frailty-team-medication-timing,CFT_MEDICATION_TIMING_06,Community Frailty Team medication-timing cue,medication-timing,moderate,Simulation-only medication-timing cue for community frailty team workflows. The cue highlights visible evidence and documentation context for structured review support.,"[""medication_timing"",""medicine_chart_time""]","Human review required: check visible medication-timing evidence, missing information and ownership before documenting the current simulation status.","[""community frailty team""]",true
flag-community-frailty-team-deteriorating-obs,CFT_DETERIORATING_OBS_07,Community Frailty Team deteriorating observations cue,deteriorating-obs,high,Simulation-only deteriorating observations cue for community frailty team workflows. The cue highlights visible evidence and documentation context for structured review support.,"[""deteriorating_obs"",""NEWS2""]","Human review required: check visible deteriorating observations evidence, missing information and ownership before documenting the current simulation status.","[""community frailty team""]",true
flag-community-frailty-team-escalation,CFT_ESCALATION_08,Community Frailty Team escalation readiness cue,escalation,high,Simulation-only escalation readiness cue for community frailty team workflows. The cue highlights visible evidence and documentation context for structured review support.,"[""NEWS2"",""active_escalation""]","Human review required: check visible escalation readiness evidence, missing information and ownership before documenting the current simulation status.","[""community frailty team""]",true
flag-community-frailty-team-handover,CFT_HANDOVER_09,Community Frailty Team handover completeness cue,handover,moderate,Simulation-only handover completeness cue for community frailty team workflows. The cue highlights visible evidence and documentation context for structured review support.,"[""handover_completion"",""open_task""]","Human review required: check visible handover completeness evidence, missing information and ownership before documenting the current simulation status.","[""community frailty team""]",true
flag-community-frailty-team-discharge,CFT_DISCHARGE_10,Community Frailty Team discharge-readiness blocker cue,discharge,high,Simulation-only discharge-readiness blocker cue for community frailty team workflows. The cue highlights visible evidence and documentation context for structured review support.,"[""discharge_blocker"",""discharge_checklist""]","Human review required: check visible discharge-readiness blocker evidence, missing information and ownership before documenting the current simulation status.","[""community frailty team""]",true
flag-community-frailty-team-learning,CFT_LEARNING_11,Community Frailty Team learning prompt cue,learning,low,Simulation-only learning prompt cue for community frailty team workflows. The cue highlights visible evidence and documentation context for structured review support.,"[""learning_prompt"",""simulation_scenario""]","Human review required: check visible learning prompt evidence, missing information and ownership before documenting the current simulation status.","[""community frailty team""]",true
flag-rehab-documentation,REHAB_DOCUMENTATION_01,Rehab documentation gap cue,documentation,moderate,Simulation-only documentation gap cue for rehab workflows. The cue highlights visible evidence and documentation context for structured review support.,"[""electrolyte_plan_gap"",""documentation_note_open""]","Human review required: check visible documentation gap evidence, missing information and ownership before documenting the current simulation status.","[""rehab""]",true
flag-rehab-electrolyte-review,REHAB_ELECTROLYTE_REVIEW_02,Rehab electrolyte review cue,electrolyte-review,moderate,Simulation-only electrolyte review cue for rehab workflows. The cue highlights visible evidence and documentation context for structured review support.,"[""potassium"",""magnesium"",""creatinine_trend"",""electrolyte_plan_gap""]","Human review required: check visible electrolyte review evidence, missing information and ownership before documenting the current simulation status.","[""rehab""]",true
flag-rehab-infection-review,REHAB_INFECTION_REVIEW_03,Rehab infection review cue,infection-review,moderate,Simulation-only infection review cue for rehab workflows. The cue highlights visible evidence and documentation context for structured review support.,"[""urine_culture"",""NEWS2"",""infection_review_note""]","Human review required: check visible infection review evidence, missing information and ownership before documenting the current simulation status.","[""rehab""]",true
flag-rehab-sepsis-screen,REHAB_SEPSIS_SCREEN_04,Rehab sepsis-screen cue,sepsis-screen,high,Simulation-only sepsis-screen cue for rehab workflows. The cue highlights visible evidence and documentation context for structured review support.,"[""sepsis_screen"",""NEWS2""]","Human review required: check visible sepsis-screen evidence, missing information and ownership before documenting the current simulation status.","[""rehab""]",true
flag-rehab-falls-risk,REHAB_FALLS_RISK_05,Rehab falls-risk cue,falls-risk,moderate,Simulation-only falls-risk cue for rehab workflows. The cue highlights visible evidence and documentation context for structured review support.,"[""falls_risk"",""mobility_note""]","Human review required: check visible falls-risk evidence, missing information and ownership before documenting the current simulation status.","[""rehab""]",true
flag-rehab-medication-timing,REHAB_MEDICATION_TIMING_06,Rehab medication-timing cue,medication-timing,moderate,Simulation-only medication-timing cue for rehab workflows. The cue highlights visible evidence and documentation context for structured review support.,"[""medication_timing"",""medicine_chart_time""]","Human review required: check visible medication-timing evidence, missing information and ownership before documenting the current simulation status.","[""rehab""]",true
flag-rehab-deteriorating-obs,REHAB_DETERIORATING_OBS_07,Rehab deteriorating observations cue,deteriorating-obs,high,Simulation-only deteriorating observations cue for rehab workflows. The cue highlights visible evidence and documentation context for structured review support.,"[""deteriorating_obs"",""NEWS2""]","Human review required: check visible deteriorating observations evidence, missing information and ownership before documenting the current simulation status.","[""rehab""]",true
flag-rehab-escalation,REHAB_ESCALATION_08,Rehab escalation readiness cue,escalation,high,Simulation-only escalation readiness cue for rehab workflows. The cue highlights visible evidence and documentation context for structured review support.,"[""NEWS2"",""active_escalation""]","Human review required: check visible escalation readiness evidence, missing information and ownership before documenting the current simulation status.","[""rehab""]",true
flag-rehab-handover,REHAB_HANDOVER_09,Rehab handover completeness cue,handover,moderate,Simulation-only handover completeness cue for rehab workflows. The cue highlights visible evidence and documentation context for structured review support.,"[""handover_completion"",""open_task""]","Human review required: check visible handover completeness evidence, missing information and ownership before documenting the current simulation status.","[""rehab""]",true
flag-rehab-discharge,REHAB_DISCHARGE_10,Rehab discharge-readiness blocker cue,discharge,high,Simulation-only discharge-readiness blocker cue for rehab workflows. The cue highlights visible evidence and documentation context for structured review support.,"[""discharge_blocker"",""discharge_checklist""]","Human review required: check visible discharge-readiness blocker evidence, missing information and ownership before documenting the current simulation status.","[""rehab""]",true
flag-rehab-learning,REHAB_LEARNING_11,Rehab learning prompt cue,learning,low,Simulation-only learning prompt cue for rehab workflows. The cue highlights visible evidence and documentation context for structured review support.,"[""learning_prompt"",""simulation_scenario""]","Human review required: check visible learning prompt evidence, missing information and ownership before documenting the current simulation status.","[""rehab""]",true
flag-care-of-the-elderly-documentation,COE_DOCUMENTATION_01,Care Of The Elderly documentation gap cue,documentation,moderate,Simulation-only documentation gap cue for care-of-the-elderly workflows. The cue highlights visible evidence and documentation context for structured review support.,"[""electrolyte_plan_gap"",""documentation_note_open""]","Human review required: check visible documentation gap evidence, missing information and ownership before documenting the current simulation status.","[""care-of-the-elderly""]",true
flag-care-of-the-elderly-electrolyte-review,COE_ELECTROLYTE_REVIEW_02,Care Of The Elderly electrolyte review cue,electrolyte-review,moderate,Simulation-only electrolyte review cue for care-of-the-elderly workflows. The cue highlights visible evidence and documentation context for structured review support.,"[""potassium"",""magnesium"",""creatinine_trend"",""electrolyte_plan_gap""]","Human review required: check visible electrolyte review evidence, missing information and ownership before documenting the current simulation status.","[""care-of-the-elderly""]",true
flag-care-of-the-elderly-infection-review,COE_INFECTION_REVIEW_03,Care Of The Elderly infection review cue,infection-review,moderate,Simulation-only infection review cue for care-of-the-elderly workflows. The cue highlights visible evidence and documentation context for structured review support.,"[""urine_culture"",""NEWS2"",""infection_review_note""]","Human review required: check visible infection review evidence, missing information and ownership before documenting the current simulation status.","[""care-of-the-elderly""]",true
flag-care-of-the-elderly-sepsis-screen,COE_SEPSIS_SCREEN_04,Care Of The Elderly sepsis-screen cue,sepsis-screen,high,Simulation-only sepsis-screen cue for care-of-the-elderly workflows. The cue highlights visible evidence and documentation context for structured review support.,"[""sepsis_screen"",""NEWS2""]","Human review required: check visible sepsis-screen evidence, missing information and ownership before documenting the current simulation status.","[""care-of-the-elderly""]",true
flag-care-of-the-elderly-falls-risk,COE_FALLS_RISK_05,Care Of The Elderly falls-risk cue,falls-risk,moderate,Simulation-only falls-risk cue for care-of-the-elderly workflows. The cue highlights visible evidence and documentation context for structured review support.,"[""falls_risk"",""mobility_note""]","Human review required: check visible falls-risk evidence, missing information and ownership before documenting the current simulation status.","[""care-of-the-elderly""]",true
flag-care-of-the-elderly-medication-timing,COE_MEDICATION_TIMING_06,Care Of The Elderly medication-timing cue,medication-timing,moderate,Simulation-only medication-timing cue for care-of-the-elderly workflows. The cue highlights visible evidence and documentation context for structured review support.,"[""medication_timing"",""medicine_chart_time""]","Human review required: check visible medication-timing evidence, missing information and ownership before documenting the current simulation status.","[""care-of-the-elderly""]",true
flag-care-of-the-elderly-deteriorating-obs,COE_DETERIORATING_OBS_07,Care Of The Elderly deteriorating observations cue,deteriorating-obs,high,Simulation-only deteriorating observations cue for care-of-the-elderly workflows. The cue highlights visible evidence and documentation context for structured review support.,"[""deteriorating_obs"",""NEWS2""]","Human review required: check visible deteriorating observations evidence, missing information and ownership before documenting the current simulation status.","[""care-of-the-elderly""]",true
flag-care-of-the-elderly-escalation,COE_ESCALATION_08,Care Of The Elderly escalation readiness cue,escalation,high,Simulation-only escalation readiness cue for care-of-the-elderly workflows. The cue highlights visible evidence and documentation context for structured review support.,"[""NEWS2"",""active_escalation""]","Human review required: check visible escalation readiness evidence, missing information and ownership before documenting the current simulation status.","[""care-of-the-elderly""]",true
flag-care-of-the-elderly-handover,COE_HANDOVER_09,Care Of The Elderly handover completeness cue,handover,moderate,Simulation-only handover completeness cue for care-of-the-elderly workflows. The cue highlights visible evidence and documentation context for structured review support.,"[""handover_completion"",""open_task""]","Human review required: check visible handover completeness evidence, missing information and ownership before documenting the current simulation status.","[""care-of-the-elderly""]",true
flag-care-of-the-elderly-discharge,COE_DISCHARGE_10,Care Of The Elderly discharge-readiness blocker cue,discharge,high,Simulation-only discharge-readiness blocker cue for care-of-the-elderly workflows. The cue highlights visible evidence and documentation context for structured review support.,"[""discharge_blocker"",""discharge_checklist""]","Human review required: check visible discharge-readiness blocker evidence, missing information and ownership before documenting the current simulation status.","[""care-of-the-elderly""]",true
flag-care-of-the-elderly-learning,COE_LEARNING_11,Care Of The Elderly learning prompt cue,learning,low,Simulation-only learning prompt cue for care-of-the-elderly workflows. The cue highlights visible evidence and documentation context for structured review support.,"[""learning_prompt"",""simulation_scenario""]","Human review required: check visible learning prompt evidence, missing information and ownership before documenting the current simulation status.","[""care-of-the-elderly""]",true
flag-paediatrics-documentation,PAED_DOCUMENTATION_01,Paediatrics documentation gap cue,documentation,moderate,Simulation-only documentation gap cue for paediatrics workflows. The cue highlights visible evidence and documentation context for structured review support.,"[""electrolyte_plan_gap"",""documentation_note_open""]","Human review required: check visible documentation gap evidence, missing information and ownership before documenting the current simulation status.","[""paediatrics""]",true
flag-paediatrics-electrolyte-review,PAED_ELECTROLYTE_REVIEW_02,Paediatrics electrolyte review cue,electrolyte-review,moderate,Simulation-only electrolyte review cue for paediatrics workflows. The cue highlights visible evidence and documentation context for structured review support.,"[""potassium"",""magnesium"",""creatinine_trend"",""electrolyte_plan_gap""]","Human review required: check visible electrolyte review evidence, missing information and ownership before documenting the current simulation status.","[""paediatrics""]",true
flag-paediatrics-infection-review,PAED_INFECTION_REVIEW_03,Paediatrics infection review cue,infection-review,moderate,Simulation-only infection review cue for paediatrics workflows. The cue highlights visible evidence and documentation context for structured review support.,"[""urine_culture"",""NEWS2"",""infection_review_note""]","Human review required: check visible infection review evidence, missing information and ownership before documenting the current simulation status.","[""paediatrics""]",true
flag-paediatrics-sepsis-screen,PAED_SEPSIS_SCREEN_04,Paediatrics sepsis-screen cue,sepsis-screen,high,Simulation-only sepsis-screen cue for paediatrics workflows. The cue highlights visible evidence and documentation context for structured review support.,"[""sepsis_screen"",""NEWS2""]","Human review required: check visible sepsis-screen evidence, missing information and ownership before documenting the current simulation status.","[""paediatrics""]",true
flag-paediatrics-falls-risk,PAED_FALLS_RISK_05,Paediatrics falls-risk cue,falls-risk,low,Simulation-only falls-risk cue for paediatrics workflows. The cue highlights visible evidence and documentation context for structured review support.,"[""falls_risk"",""mobility_note""]","Human review required: check visible falls-risk evidence, missing information and ownership before documenting the current simulation status.","[""paediatrics""]",true
flag-paediatrics-medication-timing,PAED_MEDICATION_TIMING_06,Paediatrics medication-timing cue,medication-timing,moderate,Simulation-only medication-timing cue for paediatrics workflows. The cue highlights visible evidence and documentation context for structured review support.,"[""medication_timing"",""medicine_chart_time""]","Human review required: check visible medication-timing evidence, missing information and ownership before documenting the current simulation status.","[""paediatrics""]",true
flag-paediatrics-deteriorating-obs,PAED_DETERIORATING_OBS_07,Paediatrics deteriorating observations cue,deteriorating-obs,high,Simulation-only deteriorating observations cue for paediatrics workflows. The cue highlights visible evidence and documentation context for structured review support.,"[""deteriorating_obs"",""NEWS2""]","Human review required: check visible deteriorating observations evidence, missing information and ownership before documenting the current simulation status.","[""paediatrics""]",true
flag-paediatrics-escalation,PAED_ESCALATION_08,Paediatrics escalation readiness cue,escalation,high,Simulation-only escalation readiness cue for paediatrics workflows. The cue highlights visible evidence and documentation context for structured review support.,"[""NEWS2"",""active_escalation""]","Human review required: check visible escalation readiness evidence, missing information and ownership before documenting the current simulation status.","[""paediatrics""]",true
flag-paediatrics-handover,PAED_HANDOVER_09,Paediatrics handover completeness cue,handover,moderate,Simulation-only handover completeness cue for paediatrics workflows. The cue highlights visible evidence and documentation context for structured review support.,"[""handover_completion"",""open_task""]","Human review required: check visible handover completeness evidence, missing information and ownership before documenting the current simulation status.","[""paediatrics""]",true
flag-paediatrics-discharge,PAED_DISCHARGE_10,Paediatrics discharge-readiness blocker cue,discharge,high,Simulation-only discharge-readiness blocker cue for paediatrics workflows. The cue highlights visible evidence and documentation context for structured review support.,"[""discharge_blocker"",""discharge_checklist""]","Human review required: check visible discharge-readiness blocker evidence, missing information and ownership before documenting the current simulation status.","[""paediatrics""]",true
flag-paediatrics-learning,PAED_LEARNING_11,Paediatrics learning prompt cue,learning,low,Simulation-only learning prompt cue for paediatrics workflows. The cue highlights visible evidence and documentation context for structured review support.,"[""learning_prompt"",""simulation_scenario""]","Human review required: check visible learning prompt evidence, missing information and ownership before documenting the current simulation status.","[""paediatrics""]",true
flag-maternity-documentation,MAT_DOCUMENTATION_01,Maternity documentation gap cue,documentation,moderate,Simulation-only documentation gap cue for maternity workflows. The cue highlights visible evidence and documentation context for structured review support.,"[""electrolyte_plan_gap"",""documentation_note_open""]","Human review required: check visible documentation gap evidence, missing information and ownership before documenting the current simulation status.","[""maternity""]",true
flag-maternity-electrolyte-review,MAT_ELECTROLYTE_REVIEW_02,Maternity electrolyte review cue,electrolyte-review,moderate,Simulation-only electrolyte review cue for maternity workflows. The cue highlights visible evidence and documentation context for structured review support.,"[""potassium"",""magnesium"",""creatinine_trend"",""electrolyte_plan_gap""]","Human review required: check visible electrolyte review evidence, missing information and ownership before documenting the current simulation status.","[""maternity""]",true
flag-maternity-infection-review,MAT_INFECTION_REVIEW_03,Maternity infection review cue,infection-review,moderate,Simulation-only infection review cue for maternity workflows. The cue highlights visible evidence and documentation context for structured review support.,"[""urine_culture"",""NEWS2"",""infection_review_note""]","Human review required: check visible infection review evidence, missing information and ownership before documenting the current simulation status.","[""maternity""]",true
flag-maternity-sepsis-screen,MAT_SEPSIS_SCREEN_04,Maternity sepsis-screen cue,sepsis-screen,high,Simulation-only sepsis-screen cue for maternity workflows. The cue highlights visible evidence and documentation context for structured review support.,"[""sepsis_screen"",""NEWS2""]","Human review required: check visible sepsis-screen evidence, missing information and ownership before documenting the current simulation status.","[""maternity""]",true
flag-maternity-falls-risk,MAT_FALLS_RISK_05,Maternity falls-risk cue,falls-risk,low,Simulation-only falls-risk cue for maternity workflows. The cue highlights visible evidence and documentation context for structured review support.,"[""falls_risk"",""mobility_note""]","Human review required: check visible falls-risk evidence, missing information and ownership before documenting the current simulation status.","[""maternity""]",true
flag-maternity-medication-timing,MAT_MEDICATION_TIMING_06,Maternity medication-timing cue,medication-timing,moderate,Simulation-only medication-timing cue for maternity workflows. The cue highlights visible evidence and documentation context for structured review support.,"[""medication_timing"",""medicine_chart_time""]","Human review required: check visible medication-timing evidence, missing information and ownership before documenting the current simulation status.","[""maternity""]",true
flag-maternity-deteriorating-obs,MAT_DETERIORATING_OBS_07,Maternity deteriorating observations cue,deteriorating-obs,high,Simulation-only deteriorating observations cue for maternity workflows. The cue highlights visible evidence and documentation context for structured review support.,"[""deteriorating_obs"",""NEWS2""]","Human review required: check visible deteriorating observations evidence, missing information and ownership before documenting the current simulation status.","[""maternity""]",true
flag-maternity-escalation,MAT_ESCALATION_08,Maternity escalation readiness cue,escalation,high,Simulation-only escalation readiness cue for maternity workflows. The cue highlights visible evidence and documentation context for structured review support.,"[""NEWS2"",""active_escalation""]","Human review required: check visible escalation readiness evidence, missing information and ownership before documenting the current simulation status.","[""maternity""]",true
flag-maternity-handover,MAT_HANDOVER_09,Maternity handover completeness cue,handover,moderate,Simulation-only handover completeness cue for maternity workflows. The cue highlights visible evidence and documentation context for structured review support.,"[""handover_completion"",""open_task""]","Human review required: check visible handover completeness evidence, missing information and ownership before documenting the current simulation status.","[""maternity""]",true
flag-maternity-discharge,MAT_DISCHARGE_10,Maternity discharge-readiness blocker cue,discharge,high,Simulation-only discharge-readiness blocker cue for maternity workflows. The cue highlights visible evidence and documentation context for structured review support.,"[""discharge_blocker"",""discharge_checklist""]","Human review required: check visible discharge-readiness blocker evidence, missing information and ownership before documenting the current simulation status.","[""maternity""]",true
flag-maternity-learning,MAT_LEARNING_11,Maternity learning prompt cue,learning,low,Simulation-only learning prompt cue for maternity workflows. The cue highlights visible evidence and documentation context for structured review support.,"[""learning_prompt"",""simulation_scenario""]","Human review required: check visible learning prompt evidence, missing information and ownership before documenting the current simulation status.","[""maternity""]",true
flag-icu-hdu-documentation,ICU_DOCUMENTATION_01,ICU/HDU documentation gap cue,documentation,moderate,Simulation-only documentation gap cue for ICU/HDU workflows. The cue highlights visible evidence and documentation context for structured review support.,"[""electrolyte_plan_gap"",""documentation_note_open""]","Human review required: check visible documentation gap evidence, missing information and ownership before documenting the current simulation status.","[""ICU/HDU""]",true
flag-icu-hdu-electrolyte-review,ICU_ELECTROLYTE_REVIEW_02,ICU/HDU electrolyte review cue,electrolyte-review,moderate,Simulation-only electrolyte review cue for ICU/HDU workflows. The cue highlights visible evidence and documentation context for structured review support.,"[""potassium"",""magnesium"",""creatinine_trend"",""electrolyte_plan_gap""]","Human review required: check visible electrolyte review evidence, missing information and ownership before documenting the current simulation status.","[""ICU/HDU""]",true
flag-icu-hdu-infection-review,ICU_INFECTION_REVIEW_03,ICU/HDU infection review cue,infection-review,moderate,Simulation-only infection review cue for ICU/HDU workflows. The cue highlights visible evidence and documentation context for structured review support.,"[""urine_culture"",""NEWS2"",""infection_review_note""]","Human review required: check visible infection review evidence, missing information and ownership before documenting the current simulation status.","[""ICU/HDU""]",true
flag-icu-hdu-sepsis-screen,ICU_SEPSIS_SCREEN_04,ICU/HDU sepsis-screen cue,sepsis-screen,high,Simulation-only sepsis-screen cue for ICU/HDU workflows. The cue highlights visible evidence and documentation context for structured review support.,"[""sepsis_screen"",""NEWS2""]","Human review required: check visible sepsis-screen evidence, missing information and ownership before documenting the current simulation status.","[""ICU/HDU""]",true
flag-icu-hdu-falls-risk,ICU_FALLS_RISK_05,ICU/HDU falls-risk cue,falls-risk,low,Simulation-only falls-risk cue for ICU/HDU workflows. The cue highlights visible evidence and documentation context for structured review support.,"[""falls_risk"",""mobility_note""]","Human review required: check visible falls-risk evidence, missing information and ownership before documenting the current simulation status.","[""ICU/HDU""]",true
flag-icu-hdu-medication-timing,ICU_MEDICATION_TIMING_06,ICU/HDU medication-timing cue,medication-timing,moderate,Simulation-only medication-timing cue for ICU/HDU workflows. The cue highlights visible evidence and documentation context for structured review support.,"[""medication_timing"",""medicine_chart_time""]","Human review required: check visible medication-timing evidence, missing information and ownership before documenting the current simulation status.","[""ICU/HDU""]",true
flag-icu-hdu-deteriorating-obs,ICU_DETERIORATING_OBS_07,ICU/HDU deteriorating observations cue,deteriorating-obs,high,Simulation-only deteriorating observations cue for ICU/HDU workflows. The cue highlights visible evidence and documentation context for structured review support.,"[""deteriorating_obs"",""NEWS2""]","Human review required: check visible deteriorating observations evidence, missing information and ownership before documenting the current simulation status.","[""ICU/HDU""]",true
flag-icu-hdu-escalation,ICU_ESCALATION_08,ICU/HDU escalation readiness cue,escalation,high,Simulation-only escalation readiness cue for ICU/HDU workflows. The cue highlights visible evidence and documentation context for structured review support.,"[""NEWS2"",""active_escalation""]","Human review required: check visible escalation readiness evidence, missing information and ownership before documenting the current simulation status.","[""ICU/HDU""]",true
flag-icu-hdu-handover,ICU_HANDOVER_09,ICU/HDU handover completeness cue,handover,moderate,Simulation-only handover completeness cue for ICU/HDU workflows. The cue highlights visible evidence and documentation context for structured review support.,"[""handover_completion"",""open_task""]","Human review required: check visible handover completeness evidence, missing information and ownership before documenting the current simulation status.","[""ICU/HDU""]",true
flag-icu-hdu-discharge,ICU_DISCHARGE_10,ICU/HDU discharge-readiness blocker cue,discharge,high,Simulation-only discharge-readiness blocker cue for ICU/HDU workflows. The cue highlights visible evidence and documentation context for structured review support.,"[""discharge_blocker"",""discharge_checklist""]","Human review required: check visible discharge-readiness blocker evidence, missing information and ownership before documenting the current simulation status.","[""ICU/HDU""]",true
flag-icu-hdu-learning,ICU_LEARNING_11,ICU/HDU learning prompt cue,learning,low,Simulation-only learning prompt cue for ICU/HDU workflows. The cue highlights visible evidence and documentation context for structured review support.,"[""learning_prompt"",""simulation_scenario""]","Human review required: check visible learning prompt evidence, missing information and ownership before documenting the current simulation status.","[""ICU/HDU""]",true
flag-ed-documentation,ED_DOCUMENTATION_01,ED documentation gap cue,documentation,moderate,Simulation-only documentation gap cue for ED workflows. The cue highlights visible evidence and documentation context for structured review support.,"[""electrolyte_plan_gap"",""documentation_note_open""]","Human review required: check visible documentation gap evidence, missing information and ownership before documenting the current simulation status.","[""ED""]",true
flag-ed-electrolyte-review,ED_ELECTROLYTE_REVIEW_02,ED electrolyte review cue,electrolyte-review,moderate,Simulation-only electrolyte review cue for ED workflows. The cue highlights visible evidence and documentation context for structured review support.,"[""potassium"",""magnesium"",""creatinine_trend"",""electrolyte_plan_gap""]","Human review required: check visible electrolyte review evidence, missing information and ownership before documenting the current simulation status.","[""ED""]",true
flag-ed-infection-review,ED_INFECTION_REVIEW_03,ED infection review cue,infection-review,moderate,Simulation-only infection review cue for ED workflows. The cue highlights visible evidence and documentation context for structured review support.,"[""urine_culture"",""NEWS2"",""infection_review_note""]","Human review required: check visible infection review evidence, missing information and ownership before documenting the current simulation status.","[""ED""]",true
flag-ed-sepsis-screen,ED_SEPSIS_SCREEN_04,ED sepsis-screen cue,sepsis-screen,high,Simulation-only sepsis-screen cue for ED workflows. The cue highlights visible evidence and documentation context for structured review support.,"[""sepsis_screen"",""NEWS2""]","Human review required: check visible sepsis-screen evidence, missing information and ownership before documenting the current simulation status.","[""ED""]",true
flag-ed-falls-risk,ED_FALLS_RISK_05,ED falls-risk cue,falls-risk,low,Simulation-only falls-risk cue for ED workflows. The cue highlights visible evidence and documentation context for structured review support.,"[""falls_risk"",""mobility_note""]","Human review required: check visible falls-risk evidence, missing information and ownership before documenting the current simulation status.","[""ED""]",true
flag-ed-medication-timing,ED_MEDICATION_TIMING_06,ED medication-timing cue,medication-timing,moderate,Simulation-only medication-timing cue for ED workflows. The cue highlights visible evidence and documentation context for structured review support.,"[""medication_timing"",""medicine_chart_time""]","Human review required: check visible medication-timing evidence, missing information and ownership before documenting the current simulation status.","[""ED""]",true
flag-ed-deteriorating-obs,ED_DETERIORATING_OBS_07,ED deteriorating observations cue,deteriorating-obs,high,Simulation-only deteriorating observations cue for ED workflows. The cue highlights visible evidence and documentation context for structured review support.,"[""deteriorating_obs"",""NEWS2""]","Human review required: check visible deteriorating observations evidence, missing information and ownership before documenting the current simulation status.","[""ED""]",true
flag-ed-escalation,ED_ESCALATION_08,ED escalation readiness cue,escalation,high,Simulation-only escalation readiness cue for ED workflows. The cue highlights visible evidence and documentation context for structured review support.,"[""NEWS2"",""active_escalation""]","Human review required: check visible escalation readiness evidence, missing information and ownership before documenting the current simulation status.","[""ED""]",true
flag-ed-handover,ED_HANDOVER_09,ED handover completeness cue,handover,moderate,Simulation-only handover completeness cue for ED workflows. The cue highlights visible evidence and documentation context for structured review support.,"[""handover_completion"",""open_task""]","Human review required: check visible handover completeness evidence, missing information and ownership before documenting the current simulation status.","[""ED""]",true
flag-ed-discharge,ED_DISCHARGE_10,ED discharge-readiness blocker cue,discharge,high,Simulation-only discharge-readiness blocker cue for ED workflows. The cue highlights visible evidence and documentation context for structured review support.,"[""discharge_blocker"",""discharge_checklist""]","Human review required: check visible discharge-readiness blocker evidence, missing information and ownership before documenting the current simulation status.","[""ED""]",true
flag-ed-learning,ED_LEARNING_11,ED learning prompt cue,learning,low,Simulation-only learning prompt cue for ED workflows. The cue highlights visible evidence and documentation context for structured review support.,"[""learning_prompt"",""simulation_scenario""]","Human review required: check visible learning prompt evidence, missing information and ownership before documenting the current simulation status.","[""ED""]",true